run,last_train_l1,last_eval_l1,best_eval_l1
A-only,0.564462858736515,0.1738672663617549,0.170277710616146
ABC-joint,0.5917352789640427,0.1708770007703737,0.1702420521854817
